millis,stamp,datetime,motion,humidity,temperature,sound
999, 1568386573, 2019/9/13 14:56:13, Active, 33.40, 24.50, 37
1998, 1568386574, 2019/9/13 14:56:14, Active, 33.40, 24.50, 36
2999, 1568386575, 2019/9/13 14:56:15, Active, 33.40, 24.60, 36
3998, 1568386576, 2019/9/13 14:56:16, Active, 33.40, 24.60, 36
4999, 1568386577, 2019/9/13 14:56:17, Active, 33.30, 24.50, 37
5998, 1568386578, 2019/9/13 14:56:18, Active, 33.30, 24.50, 36
6999, 1568386579, 2019/9/13 14:56:19, Active, 33.30, 24.50, 36
8000, 1568386580, 2019/9/13 14:56:20, Active, 33.30, 24.50, 36
8999, 1568386581, 2019/9/13 14:56:21, Active, 33.30, 24.50, 36
9999, 1568386582, 2019/9/13 14:56:22, Active, 33.30, 24.50, 35
10998, 1568386583, 2019/9/13 14:56:23, Active, 33.30, 24.50, 37
11999, 1568386584, 2019/9/13 14:56:24, Active, 33.40, 24.50, 37
12998, 1568386585, 2019/9/13 14:56:25, Active, 33.40, 24.50, 36
14000, 1568386586, 2019/9/13 14:56:26, Active, 33.40, 24.50, 37
15000, 1568386587, 2019/9/13 14:56:27, Inactive, 33.40, 24.50, 36
15998, 1568386588, 2019/9/13 14:56:28, Inactive, 33.40, 24.50, 37
16999, 1568386589, 2019/9/13 14:56:29, Active, 33.40, 24.50, 37
17998, 1568386590, 2019/9/13 14:56:30, Active, 33.40, 24.50, 37
19000, 1568386591, 2019/9/13 14:56:31, Active, 33.40, 24.50, 36
19998, 1568386592, 2019/9/13 14:56:32, Active, 33.50, 24.50, 37
20999, 1568386593, 2019/9/13 14:56:33, Active, 33.50, 24.50, 37
21999, 1568386594, 2019/9/13 14:56:34, Active, 33.50, 24.50, 37
23000, 1568386595, 2019/9/13 14:56:35, Active, 33.50, 24.50, 37
24000, 1568386596, 2019/9/13 14:56:36, Active, 33.50, 24.50, 37
24999, 1568386597, 2019/9/13 14:56:37, Active, 33.50, 24.50, 37
25999, 1568386598, 2019/9/13 14:56:38, Active, 33.50, 24.50, 36
26999, 1568386599, 2019/9/13 14:56:39, Active, 33.50, 24.50, 37
28000, 1568386600, 2019/9/13 14:56:40, Active, 33.50, 24.50, 37
28998, 1568386601, 2019/9/13 14:56:41, Active, 33.50, 24.50, 37
30000, 1568386602, 2019/9/13 14:56:42, Active, 34.10, 24.50, 37
30999, 1568386603, 2019/9/13 14:56:43, Active, 34.10, 24.50, 37
31998, 1568386604, 2019/9/13 14:56:44, Active, 34.00, 24.60, 37
33000, 1568386605, 2019/9/13 14:56:45, Active, 34.00, 24.60, 36
33998, 1568386606, 2019/9/13 14:56:46, Active, 34.00, 24.60, 37
35000, 1568386607, 2019/9/13 14:56:47, Active, 33.80, 24.50, 37
35999, 1568386608, 2019/9/13 14:56:48, Active, 33.80, 24.50, 37
36999, 1568386609, 2019/9/13 14:56:49, Active, 33.80, 24.50, 37
38000, 1568386610, 2019/9/13 14:56:50, Active, 33.70, 24.50, 36
39000, 1568386611, 2019/9/13 14:56:51, Active, 33.70, 24.50, 37
40000, 1568386612, 2019/9/13 14:56:52, Active, 33.60, 24.50, 37
40999, 1568386613, 2019/9/13 14:56:53, Active, 33.60, 24.50, 37
41999, 1568386614, 2019/9/13 14:56:54, Active, 33.60, 24.50, 36
42999, 1568386615, 2019/9/13 14:56:55, Active, 33.50, 24.50, 38
44000, 1568386616, 2019/9/13 14:56:56, Active, 33.50, 24.50, 29
44998, 1568386617, 2019/9/13 14:56:57, Active, 33.50, 24.50, 35
46000, 1568386618, 2019/9/13 14:56:58, Active, 33.70, 24.60, 35
47000, 1568386619, 2019/9/13 14:56:59, Active, 33.70, 24.60, 31
48000, 1568386620, 2019/9/13 14:57:0, Active, 33.80, 24.60, 32
48999, 1568386621, 2019/9/13 14:57:1, Active, 33.80, 24.60, 35
49998, 1568386622, 2019/9/13 14:57:2, Inactive, 33.80, 24.60, 36
51000, 1568386623, 2019/9/13 14:57:3, Inactive, 34.00, 24.50, 36
51999, 1568386624, 2019/9/13 14:57:4, Inactive, 34.00, 24.50, 41
52999, 1568386625, 2019/9/13 14:57:5, Inactive, 34.00, 24.50, 41
53999, 1568386627, 2019/9/13 14:57:7, Inactive, 34.00, 24.50, 41
55000, 1568386628, 2019/9/13 14:57:8, Inactive, 33.90, 24.60, 41
55999, 1568386629, 2019/9/13 14:57:9, Inactive, 33.90, 24.60, 42
56999, 1568386630, 2019/9/13 14:57:10, Inactive, 33.90, 24.60, 42
57999, 1568386631, 2019/9/13 14:57:11, Inactive, 33.70, 24.60, 43
58999, 1568386632, 2019/9/13 14:57:12, Inactive, 33.70, 24.60, 42
59999, 1568386633, 2019/9/13 14:57:13, Inactive, 33.60, 24.50, 42
60999, 1568386634, 2019/9/13 14:57:14, Inactive, 33.60, 24.50, 42
61999, 1568386635, 2019/9/13 14:57:15, Inactive, 33.60, 24.50, 42
62998, 1568386636, 2019/9/13 14:57:16, Inactive, 33.60, 24.50, 43
63998, 1568386637, 2019/9/13 14:57:17, Inactive, 33.60, 24.50, 43
64999, 1568386638, 2019/9/13 14:57:18, Inactive, 33.50, 24.50, 42
65999, 1568386639, 2019/9/13 14:57:19, Inactive, 33.50, 24.50, 42
66999, 1568386640, 2019/9/13 14:57:20, Inactive, 33.50, 24.50, 42
67998, 1568386641, 2019/9/13 14:57:21, Inactive, 33.50, 24.50, 45
68999, 1568386642, 2019/9/13 14:57:22, Inactive, 33.50, 24.50, 45
69999, 1568386643, 2019/9/13 14:57:23, Inactive, 33.50, 24.50, 45
70999, 1568386644, 2019/9/13 14:57:24, Inactive, 33.40, 24.50, 45
71999, 1568386645, 2019/9/13 14:57:25, Inactive, 33.40, 24.50, 44
72999, 1568386646, 2019/9/13 14:57:26, Inactive, 33.40, 24.60, 45
73999, 1568386647, 2019/9/13 14:57:27, Inactive, 33.40, 24.60, 44
74999, 1568386648, 2019/9/13 14:57:28, Inactive, 33.30, 24.50, 44
76000, 1568386649, 2019/9/13 14:57:29, Inactive, 33.30, 24.50, 44
76999, 1568386650, 2019/9/13 14:57:30, Inactive, 33.30, 24.50, 44
78000, 1568386651, 2019/9/13 14:57:31, Inactive, 33.20, 24.50, 44
78999, 1568386652, 2019/9/13 14:57:32, Inactive, 33.20, 24.50, 44
80000, 1568386653, 2019/9/13 14:57:33, Inactive, 33.20, 24.50, 44
80998, 1568386654, 2019/9/13 14:57:34, Inactive, 33.20, 24.50, 45
81998, 1568386655, 2019/9/13 14:57:35, Inactive, 33.20, 24.50, 45
83000, 1568386656, 2019/9/13 14:57:36, Inactive, 33.20, 24.50, 45
83999, 1568386657, 2019/9/13 14:57:37, Inactive, 33.20, 24.50, 45
84999, 1568386658, 2019/9/13 14:57:38, Inactive, 33.20, 24.50, 45
85999, 1568386659, 2019/9/13 14:57:39, Inactive, 33.20, 24.50, 44
87000, 1568386660, 2019/9/13 14:57:40, Inactive, 33.20, 24.50, 45
87998, 1568386661, 2019/9/13 14:57:41, Inactive, 33.20, 24.50, 45
88998, 1568386662, 2019/9/13 14:57:42, Inactive, 33.20, 24.50, 45
89999, 1568386663, 2019/9/13 14:57:43, Inactive, 33.20, 24.50, 45
90999, 1568386664, 2019/9/13 14:57:44, Inactive, 33.20, 24.50, 45
91998, 1568386665, 2019/9/13 14:57:45, Inactive, 33.10, 24.50, 45
92999, 1568386666, 2019/9/13 14:57:46, Inactive, 33.10, 24.50, 45
93999, 1568386667, 2019/9/13 14:57:47, Inactive, 33.10, 24.50, 45
94999, 1568386668, 2019/9/13 14:57:48, Inactive, 33.10, 24.50, 45
96000, 1568386669, 2019/9/13 14:57:49, Inactive, 33.10, 24.50, 45
96999, 1568386670, 2019/9/13 14:57:50, Inactive, 33.10, 24.50, 45
97999, 1568386671, 2019/9/13 14:57:51, Inactive, 33.10, 24.50, 45
98999, 1568386672, 2019/9/13 14:57:52, Inactive, 33.30, 24.50, 45
99999, 1568386673, 2019/9/13 14:57:53, Inactive, 33.30, 24.50, 45
101000, 1568386674, 2019/9/13 14:57:54, Inactive, 33.30, 24.50, 45
101999, 1568386675, 2019/9/13 14:57:55, Inactive, 33.30, 24.50, 45
102999, 1568386676, 2019/9/13 14:57:56, Inactive, 33.30, 24.50, 45
103999, 1568386677, 2019/9/13 14:57:57, Inactive, 33.10, 24.40, 45
104999, 1568386678, 2019/9/13 14:57:58, Inactive, 33.10, 24.40, 45
105999, 1568386679, 2019/9/13 14:57:59, Inactive, 33.10, 24.40, 45
106999, 1568386680, 2019/9/13 14:58:0, Inactive, 33.10, 24.40, 45
107999, 1568386681, 2019/9/13 14:58:1, Inactive, 33.00, 24.40, 45
108999, 1568386682, 2019/9/13 14:58:2, Inactive, 33.00, 24.40, 45
110000, 1568386683, 2019/9/13 14:58:3, Inactive, 33.00, 24.40, 45
110999, 1568386684, 2019/9/13 14:58:4, Inactive, 33.00, 24.40, 45
112000, 1568386685, 2019/9/13 14:58:5, Inactive, 33.00, 24.40, 45
112998, 1568386686, 2019/9/13 14:58:6, Inactive, 33.00, 24.40, 45
113999, 1568386687, 2019/9/13 14:58:7, Inactive, 33.00, 24.40, 45
114999, 1568386688, 2019/9/13 14:58:8, Inactive, 33.00, 24.40, 45
115999, 1568386689, 2019/9/13 14:58:9, Inactive, 33.00, 24.40, 45
117000, 1568386690, 2019/9/13 14:58:10, Inactive, 33.00, 24.40, 45
117999, 1568386691, 2019/9/13 14:58:11, Inactive, 33.00, 24.40, 45
118999, 1568386692, 2019/9/13 14:58:12, Inactive, 33.00, 24.40, 45
119999, 1568386693, 2019/9/13 14:58:13, Inactive, 33.00, 24.40, 45
120999, 1568386694, 2019/9/13 14:58:14, Inactive, 33.00, 24.40, 45
121999, 1568386695, 2019/9/13 14:58:15, Inactive, 32.90, 24.40, 46
122999, 1568386696, 2019/9/13 14:58:16, Inactive, 32.90, 24.40, 46
123999, 1568386697, 2019/9/13 14:58:17, Inactive, 33.00, 24.40, 46
124999, 1568386698, 2019/9/13 14:58:18, Inactive, 33.00, 24.40, 46
126000, 1568386699, 2019/9/13 14:58:19, Inactive, 32.90, 24.30, 45
126999, 1568386700, 2019/9/13 14:58:20, Inactive, 32.90, 24.30, 46
128000, 1568386701, 2019/9/13 14:58:21, Inactive, 32.90, 24.30, 46
128999, 1568386702, 2019/9/13 14:58:22, Inactive, 33.00, 24.40, 46
129998, 1568386703, 2019/9/13 14:58:23, Inactive, 33.00, 24.40, 46
130999, 1568386704, 2019/9/13 14:58:24, Inactive, 33.10, 24.40, 46
131999, 1568386705, 2019/9/13 14:58:25, Active, 33.10, 24.40, 46
133000, 1568386706, 2019/9/13 14:58:26, Active, 33.10, 24.40, 47
133998, 1568386707, 2019/9/13 14:58:27, Active, 33.10, 24.30, 47
135000, 1568386708, 2019/9/13 14:58:28, Active, 33.10, 24.30, 46
135999, 1568386709, 2019/9/13 14:58:29, Active, 33.10, 24.30, 47
136999, 1568386710, 2019/9/13 14:58:30, Inactive, 33.10, 24.30, 47
138000, 1568386711, 2019/9/13 14:58:31, Inactive, 33.10, 24.30, 47
138999, 1568386712, 2019/9/13 14:58:32, Inactive, 33.10, 24.30, 47
139998, 1568386713, 2019/9/13 14:58:33, Inactive, 33.10, 24.30, 47
140999, 1568386714, 2019/9/13 14:58:34, Inactive, 33.10, 24.30, 47
142000, 1568386715, 2019/9/13 14:58:35, Inactive, 33.20, 24.30, 47
142999, 1568386716, 2019/9/13 14:58:36, Inactive, 33.20, 24.30, 47
144000, 1568386717, 2019/9/13 14:58:37, Active, 33.20, 24.30, 47
145000, 1568386718, 2019/9/13 14:58:38, Active, 33.20, 24.30, 47
145998, 1568386719, 2019/9/13 14:58:39, Active, 33.30, 24.40, 48
147000, 1568386720, 2019/9/13 14:58:40, Active, 33.30, 24.40, 46
147998, 1568386721, 2019/9/13 14:58:41, Inactive, 33.30, 24.40, 48
148999, 1568386722, 2019/9/13 14:58:42, Inactive, 33.20, 24.30, 48
149998, 1568386723, 2019/9/13 14:58:43, Inactive, 33.20, 24.30, 48
151000, 1568386724, 2019/9/13 14:58:44, Inactive, 33.20, 24.30, 48
151999, 1568386725, 2019/9/13 14:58:45, Active, 33.20, 24.30, 48
152999, 1568386726, 2019/9/13 14:58:46, Active, 33.20, 24.30, 49
153999, 1568386727, 2019/9/13 14:58:47, Active, 33.20, 24.30, 48
154998, 1568386728, 2019/9/13 14:58:48, Active, 33.20, 24.30, 49
156000, 1568386729, 2019/9/13 14:58:49, Active, 33.30, 24.30, 47
156999, 1568386730, 2019/9/13 14:58:50, Active, 33.30, 24.30, 47
157999, 1568386731, 2019/9/13 14:58:51, Active, 33.20, 24.30, 47
159000, 1568386732, 2019/9/13 14:58:52, Inactive, 33.20, 24.30, 46
159998, 1568386733, 2019/9/13 14:58:53, Inactive, 33.20, 24.30, 47
160999, 1568386734, 2019/9/13 14:58:54, Inactive, 33.20, 24.30, 47
161999, 1568386735, 2019/9/13 14:58:55, Inactive, 33.20, 24.30, 47
162999, 1568386736, 2019/9/13 14:58:56, Inactive, 33.20, 24.30, 47
163998, 1568386737, 2019/9/13 14:58:57, Inactive, 33.20, 24.30, 47
165000, 1568386738, 2019/9/13 14:58:58, Inactive, 33.20, 24.30, 48
165999, 1568386739, 2019/9/13 14:58:59, Inactive, 33.20, 24.30, 48
167000, 1568386740, 2019/9/13 14:59:0, Inactive, 33.20, 24.30, 48
167999, 1568386741, 2019/9/13 14:59:1, Inactive, 33.20, 24.30, 48
168999, 1568386742, 2019/9/13 14:59:2, Inactive, 33.20, 24.30, 48
169999, 1568386743, 2019/9/13 14:59:3, Inactive, 33.20, 24.30, 48
170999, 1568386744, 2019/9/13 14:59:4, Inactive, 33.20, 24.30, 48
171999, 1568386745, 2019/9/13 14:59:5, Inactive, 33.20, 24.30, 49
172998, 1568386746, 2019/9/13 14:59:6, Inactive, 33.20, 24.30, 49
173999, 1568386747, 2019/9/13 14:59:7, Inactive, 33.20, 24.30, 49
174999, 1568386748, 2019/9/13 14:59:8, Inactive, 33.20, 24.30, 49
176000, 1568386749, 2019/9/13 14:59:9, Inactive, 33.20, 24.30, 49
176999, 1568386750, 2019/9/13 14:59:10, Inactive, 33.20, 24.30, 48
177999, 1568386751, 2019/9/13 14:59:11, Inactive, 33.20, 24.30, 48
178999, 1568386752, 2019/9/13 14:59:12, Inactive, 33.20, 24.30, 48
179998, 1568386753, 2019/9/13 14:59:13, Inactive, 33.20, 24.20, 48
181000, 1568386754, 2019/9/13 14:59:14, Inactive, 33.20, 24.20, 48
181998, 1568386755, 2019/9/13 14:59:15, Inactive, 33.20, 24.20, 48
183000, 1568386756, 2019/9/13 14:59:16, Inactive, 33.20, 24.20, 48
183999, 1568386757, 2019/9/13 14:59:17, Inactive, 33.30, 24.30, 48
184999, 1568386758, 2019/9/13 14:59:18, Inactive, 33.30, 24.30, 49
185998, 1568386759, 2019/9/13 14:59:19, Inactive, 33.30, 24.30, 49
186999, 1568386760, 2019/9/13 14:59:20, Inactive, 33.20, 24.20, 49
187999, 1568386761, 2019/9/13 14:59:21, Inactive, 33.20, 24.20, 48
188999, 1568386762, 2019/9/13 14:59:22, Inactive, 33.20, 24.20, 47
189999, 1568386763, 2019/9/13 14:59:23, Inactive, 33.30, 24.20, 47
190998, 1568386764, 2019/9/13 14:59:24, Inactive, 33.30, 24.20, 47
192000, 1568386765, 2019/9/13 14:59:25, Inactive, 33.30, 24.20, 47
192999, 1568386766, 2019/9/13 14:59:26, Inactive, 33.30, 24.20, 47
193999, 1568386767, 2019/9/13 14:59:27, Inactive, 33.30, 24.20, 47
194999, 1568386768, 2019/9/13 14:59:28, Inactive, 33.40, 24.30, 47
195999, 1568386769, 2019/9/13 14:59:29, Inactive, 33.40, 24.30, 47
197000, 1568386770, 2019/9/13 14:59:30, Inactive, 33.40, 24.20, 47
197999, 1568386771, 2019/9/13 14:59:31, Inactive, 33.40, 24.20, 48
199000, 1568386772, 2019/9/13 14:59:32, Inactive, 33.30, 24.20, 48
199999, 1568386773, 2019/9/13 14:59:33, Inactive, 33.30, 24.20, 48
200999, 1568386774, 2019/9/13 14:59:34, Inactive, 33.30, 24.20, 48
202000, 1568386775, 2019/9/13 14:59:35, Inactive, 33.30, 24.20, 48
202999, 1568386776, 2019/9/13 14:59:36, Inactive, 33.30, 24.20, 48
203999, 1568386777, 2019/9/13 14:59:37, Inactive, 33.30, 24.20, 48
204999, 1568386778, 2019/9/13 14:59:38, Inactive, 33.30, 24.20, 48
206000, 1568386779, 2019/9/13 14:59:39, Inactive, 33.40, 24.30, 48
206999, 1568386780, 2019/9/13 14:59:40, Inactive, 33.40, 24.30, 48
207998, 1568386781, 2019/9/13 14:59:41, Inactive, 33.40, 24.30, 48
208998, 1568386782, 2019/9/13 14:59:42, Inactive, 33.30, 24.30, 49
209999, 1568386783, 2019/9/13 14:59:43, Inactive, 33.30, 24.30, 49
210999, 1568386784, 2019/9/13 14:59:44, Inactive, 33.30, 24.20, 49
211999, 1568386785, 2019/9/13 14:59:45, Inactive, 33.30, 24.20, 49
213000, 1568386786, 2019/9/13 14:59:46, Inactive, 33.30, 24.20, 48
213999, 1568386787, 2019/9/13 14:59:47, Inactive, 33.30, 24.20, 49
215000, 1568386788, 2019/9/13 14:59:48, Inactive, 33.30, 24.20, 49
215999, 1568386789, 2019/9/13 14:59:49, Inactive, 33.30, 24.20, 49
216999, 1568386790, 2019/9/13 14:59:50, Inactive, 33.30, 24.20, 49
217998, 1568386791, 2019/9/13 14:59:51, Inactive, 33.30, 24.20, 49
218999, 1568386792, 2019/9/13 14:59:52, Inactive, 33.30, 24.20, 50
219998, 1568386793, 2019/9/13 14:59:53, Inactive, 33.30, 24.20, 50
220999, 1568386794, 2019/9/13 14:59:54, Active, 33.30, 24.20, 45
221999, 1568386795, 2019/9/13 14:59:55, Active, 33.30, 24.20, 42
222999, 1568386796, 2019/9/13 14:59:56, Active, 33.30, 24.20, 36
224000, 1568386797, 2019/9/13 14:59:57, Active, 33.30, 24.20, 36
225000, 1568386798, 2019/9/13 14:59:58, Active, 33.50, 24.20, 34
225999, 1568386799, 2019/9/13 14:59:59, Active, 33.50, 24.20, 36
226999, 1568386800, 2019/9/13 15:0:0, Active, 33.50, 24.20, 36
228000, 1568386801, 2019/9/13 15:0:1, Active, 33.50, 24.20, 34
228999, 1568386802, 2019/9/13 15:0:2, Active, 33.50, 24.20, 36
229999, 1568386803, 2019/9/13 15:0:3, Active, 33.50, 24.20, 36
231000, 1568386804, 2019/9/13 15:0:4, Inactive, 33.50, 24.20, 37
231998, 1568386805, 2019/9/13 15:0:5, Inactive, 33.50, 24.20, 38
232999, 1568386806, 2019/9/13 15:0:6, Inactive, 33.60, 24.20, 38
233999, 1568386807, 2019/9/13 15:0:7, Inactive, 33.60, 24.20, 39
234998, 1568386808, 2019/9/13 15:0:8, Active, 33.60, 24.20, 41
236000, 1568386809, 2019/9/13 15:0:9, Active, 33.70, 24.20, 40
236999, 1568386810, 2019/9/13 15:0:10, Inactive, 33.70, 24.20, 40
238000, 1568386811, 2019/9/13 15:0:11, Inactive, 33.70, 24.20, 40
238999, 1568386812, 2019/9/13 15:0:12, Inactive, 33.90, 24.20, 40
240000, 1568386813, 2019/9/13 15:0:13, Inactive, 33.90, 24.20, 40
240999, 1568386814, 2019/9/13 15:0:14, Active, 33.90, 24.20, 40
241999, 1568386815, 2019/9/13 15:0:15, Active, 33.90, 24.20, 40
242999, 1568386816, 2019/9/13 15:0:16, Active, 33.90, 24.20, 40
243999, 1568386817, 2019/9/13 15:0:17, Active, 33.90, 24.20, 38
245000, 1568386818, 2019/9/13 15:0:18, Inactive, 33.80, 24.20, 40
245999, 1568386819, 2019/9/13 15:0:19, Inactive, 33.80, 24.20, 40
247000, 1568386820, 2019/9/13 15:0:20, Inactive, 33.80, 24.20, 40
247999, 1568386821, 2019/9/13 15:0:21, Inactive, 33.80, 24.20, 40
248999, 1568386822, 2019/9/13 15:0:22, Active, 33.70, 24.20, 40
249999, 1568386823, 2019/9/13 15:0:23, Active, 33.70, 24.20, 40
250998, 1568386824, 2019/9/13 15:0:24, Active, 33.70, 24.20, 40
252000, 1568386825, 2019/9/13 15:0:25, Active, 33.70, 24.20, 38
252998, 1568386826, 2019/9/13 15:0:26, Active, 33.70, 24.20, 40
254000, 1568386827, 2019/9/13 15:0:27, Active, 33.60, 24.20, 40
255000, 1568386828, 2019/9/13 15:0:28, Active, 33.60, 24.20, 40
255998, 1568386829, 2019/9/13 15:0:29, Active, 33.60, 24.20, 40
257000, 1568386830, 2019/9/13 15:0:30, Active, 33.60, 24.20, 38
257998, 1568386831, 2019/9/13 15:0:31, Active, 33.60, 24.20, 40
259000, 1568386832, 2019/9/13 15:0:32, Active, 33.60, 24.20, 40
259999, 1568386833, 2019/9/13 15:0:33, Active, 33.60, 24.20, 40
260999, 1568386834, 2019/9/13 15:0:34, Active, 33.60, 24.20, 40
261999, 1568386835, 2019/9/13 15:0:35, Active, 33.80, 24.20, 39
262999, 1568386836, 2019/9/13 15:0:36, Active, 33.80, 24.20, 39
264000, 1568386837, 2019/9/13 15:0:37, Active, 33.80, 24.20, 39
264999, 1568386838, 2019/9/13 15:0:38, Active, 33.80, 24.20, 39
265999, 1568386839, 2019/9/13 15:0:39, Active, 33.80, 24.20, 37
266998, 1568386840, 2019/9/13 15:0:40, Active, 33.80, 24.20, 39
268000, 1568386841, 2019/9/13 15:0:41, Active, 33.80, 24.20, 39
268998, 1568386842, 2019/9/13 15:0:42, Active, 33.70, 24.20, 39
269999, 1568386843, 2019/9/13 15:0:43, Active, 33.70, 24.20, 39
270999, 1568386844, 2019/9/13 15:0:44, Active, 33.70, 24.20, 39
272000, 1568386845, 2019/9/13 15:0:45, Active, 33.70, 24.20, 39
273000, 1568386846, 2019/9/13 15:0:46, Active, 33.70, 24.20, 39
273998, 1568386847, 2019/9/13 15:0:47, Active, 33.70, 24.20, 39
274999, 1568386848, 2019/9/13 15:0:48, Inactive, 33.90, 24.20, 38
275999, 1568386849, 2019/9/13 15:0:49, Inactive, 33.90, 24.20, 39
277000, 1568386850, 2019/9/13 15:0:50, Inactive, 34.40, 24.20, 39
277999, 1568386851, 2019/9/13 15:0:51, Inactive, 34.40, 24.20, 39
278999, 1568386852, 2019/9/13 15:0:52, Active, 34.40, 24.20, 39
280000, 1568386853, 2019/9/13 15:0:53, Active, 34.30, 24.20, 39
280999, 1568386854, 2019/9/13 15:0:54, Active, 34.30, 24.20, 39
281999, 1568386855, 2019/9/13 15:0:55, Active, 34.30, 24.20, 38
282998, 1568386856, 2019/9/13 15:0:56, Inactive, 34.20, 24.20, 39
283999, 1568386857, 2019/9/13 15:0:57, Inactive, 34.20, 24.20, 39
284999, 1568386858, 2019/9/13 15:0:58, Inactive, 34.20, 24.20, 39
286000, 1568386859, 2019/9/13 15:0:59, Inactive, 34.20, 24.20, 39
286999, 1568386860, 2019/9/13 15:1:0, Inactive, 34.20, 24.20, 39
287998, 1568386861, 2019/9/13 15:1:1, Active, 34.20, 24.20, 39
288999, 1568386862, 2019/9/13 15:1:2, Active, 34.20, 24.20, 39
289999, 1568386863, 2019/9/13 15:1:3, Active, 34.10, 24.20, 40
290999, 1568386864, 2019/9/13 15:1:4, Active, 34.10, 24.20, 38
291998, 1568386865, 2019/9/13 15:1:5, Active, 34.10, 24.20, 39
292999, 1568386866, 2019/9/13 15:1:6, Inactive, 34.00, 24.20, 39
293998, 1568386867, 2019/9/13 15:1:7, Inactive, 34.00, 24.20, 39
295000, 1568386868, 2019/9/13 15:1:8, Inactive, 33.90, 24.20, 39
295999, 1568386869, 2019/9/13 15:1:9, Inactive, 33.90, 24.20, 39
296998, 1568386870, 2019/9/13 15:1:10, Active, 33.90, 24.20, 39
298000, 1568386871, 2019/9/13 15:1:11, Active, 33.90, 24.20, 39
298998, 1568386872, 2019/9/13 15:1:12, Active, 33.90, 24.20, 39
299999, 1568386873, 2019/9/13 15:1:13, Inactive, 33.90, 24.20, 37
300999, 1568386874, 2019/9/13 15:1:14, Inactive, 33.90, 24.20, 39
302000, 1568386875, 2019/9/13 15:1:15, Inactive, 33.90, 24.20, 39
302999, 1568386876, 2019/9/13 15:1:16, Active, 33.90, 24.20, 39
303998, 1568386877, 2019/9/13 15:1:17, Active, 33.90, 24.20, 39
304999, 1568386878, 2019/9/13 15:1:18, Active, 33.90, 24.20, 39
305998, 1568386879, 2019/9/13 15:1:19, Active, 33.90, 24.20, 39
307000, 1568386880, 2019/9/13 15:1:20, Inactive, 33.90, 24.20, 39
307998, 1568386881, 2019/9/13 15:1:21, Inactive, 33.90, 24.20, 39
309000, 1568386882, 2019/9/13 15:1:22, Inactive, 33.90, 24.20, 39
309999, 1568386883, 2019/9/13 15:1:23, Inactive, 33.90, 24.20, 39
311000, 1568386884, 2019/9/13 15:1:24, Active, 33.90, 24.20, 39
311999, 1568386885, 2019/9/13 15:1:25, Active, 33.80, 24.20, 39
312998, 1568386886, 2019/9/13 15:1:26, Active, 33.80, 24.20, 39
314000, 1568386887, 2019/9/13 15:1:27, Active, 33.80, 24.20, 38
314998, 1568386888, 2019/9/13 15:1:28, Active, 33.80, 24.20, 38
316000, 1568386889, 2019/9/13 15:1:29, Active, 33.80, 24.20, 39
316999, 1568386890, 2019/9/13 15:1:30, Inactive, 33.80, 24.20, 39
318000, 1568386891, 2019/9/13 15:1:31, Inactive, 33.80, 24.20, 39
318999, 1568386892, 2019/9/13 15:1:32, Inactive, 33.80, 24.20, 39
319998, 1568386893, 2019/9/13 15:1:33, Inactive, 33.80, 24.20, 39
320999, 1568386894, 2019/9/13 15:1:34, Inactive, 33.70, 24.20, 39
321998, 1568386895, 2019/9/13 15:1:35, Inactive, 33.70, 24.20, 39
323000, 1568386896, 2019/9/13 15:1:36, Inactive, 33.60, 24.20, 39
323999, 1568386897, 2019/9/13 15:1:37, Inactive, 33.60, 24.20, 39
325000, 1568386898, 2019/9/13 15:1:38, Inactive, 33.60, 24.20, 39
325999, 1568386899, 2019/9/13 15:1:39, Inactive, 33.60, 24.20, 39
327000, 1568386900, 2019/9/13 15:1:40, Inactive, 33.50, 24.20, 40
327999, 1568386901, 2019/9/13 15:1:41, Inactive, 33.50, 24.20, 39
328998, 1568386902, 2019/9/13 15:1:42, Inactive, 33.50, 24.20, 40
330000, 1568386903, 2019/9/13 15:1:43, Inactive, 33.50, 24.20, 40
330998, 1568386904, 2019/9/13 15:1:44, Inactive, 33.50, 24.20, 40
332000, 1568386905, 2019/9/13 15:1:45, Inactive, 33.50, 24.20, 40
332999, 1568386906, 2019/9/13 15:1:46, Inactive, 33.50, 24.20, 40
334000, 1568386907, 2019/9/13 15:1:47, Inactive, 33.40, 24.20, 40
334999, 1568386908, 2019/9/13 15:1:48, Inactive, 33.40, 24.20, 40
336000, 1568386909, 2019/9/13 15:1:49, Inactive, 33.40, 24.20, 40
337000, 1568386910, 2019/9/13 15:1:50, Inactive, 33.40, 24.20, 40
337999, 1568386911, 2019/9/13 15:1:51, Inactive, 33.40, 24.20, 40
338999, 1568386912, 2019/9/13 15:1:52, Inactive, 33.40, 24.20, 40
339999, 1568386913, 2019/9/13 15:1:53, Inactive, 33.40, 24.20, 40
341000, 1568386914, 2019/9/13 15:1:54, Inactive, 33.30, 24.20, 40
341999, 1568386915, 2019/9/13 15:1:55, Inactive, 33.30, 24.20, 40
343000, 1568386916, 2019/9/13 15:1:56, Inactive, 33.30, 24.20, 40
343999, 1568386917, 2019/9/13 15:1:57, Inactive, 33.30, 24.20, 40
344999, 1568386918, 2019/9/13 15:1:58, Inactive, 33.30, 24.20, 40
345999, 1568386919, 2019/9/13 15:1:59, Inactive, 33.20, 24.20, 40
346999, 1568386920, 2019/9/13 15:2:0, Inactive, 33.20, 24.20, 40
348000, 1568386921, 2019/9/13 15:2:1, Inactive, 33.20, 24.20, 40
348999, 1568386922, 2019/9/13 15:2:2, Inactive, 33.30, 24.20, 40
350000, 1568386923, 2019/9/13 15:2:3, Inactive, 33.30, 24.20, 40
350999, 1568386924, 2019/9/13 15:2:4, Inactive, 33.30, 24.20, 40
352000, 1568386925, 2019/9/13 15:2:5, Inactive, 33.30, 24.20, 40
352998, 1568386926, 2019/9/13 15:2:6, Inactive, 33.30, 24.20, 40
353999, 1568386927, 2019/9/13 15:2:7, Inactive, 33.20, 24.10, 40
354999, 1568386928, 2019/9/13 15:2:8, Inactive, 33.20, 24.10, 40
355999, 1568386929, 2019/9/13 15:2:9, Inactive, 33.20, 24.10, 40
356999, 1568386930, 2019/9/13 15:2:10, Inactive, 33.20, 24.10, 40
357999, 1568386931, 2019/9/13 15:2:11, Inactive, 33.20, 24.10, 40
358999, 1568386932, 2019/9/13 15:2:12, Inactive, 33.20, 24.10, 40
359999, 1568386933, 2019/9/13 15:2:13, Inactive, 33.20, 24.10, 40
360999, 1568386934, 2019/9/13 15:2:14, Inactive, 33.20, 24.10, 40
361999, 1568386935, 2019/9/13 15:2:15, Inactive, 33.20, 24.10, 40
362999, 1568386936, 2019/9/13 15:2:16, Inactive, 33.20, 24.10, 40
363998, 1568386937, 2019/9/13 15:2:17, Inactive, 33.20, 24.10, 40
364999, 1568386938, 2019/9/13 15:2:18, Inactive, 33.20, 24.10, 40
366000, 1568386939, 2019/9/13 15:2:19, Inactive, 33.20, 24.10, 40
366999, 1568386940, 2019/9/13 15:2:20, Inactive, 33.20, 24.10, 40
368000, 1568386941, 2019/9/13 15:2:21, Inactive, 33.20, 24.10, 41
368999, 1568386942, 2019/9/13 15:2:22, Inactive, 33.20, 24.10, 40
369999, 1568386943, 2019/9/13 15:2:23, Inactive, 33.20, 24.10, 41
371000, 1568386945, 2019/9/13 15:2:25, Inactive, 33.30, 24.10, 41
371999, 1568386946, 2019/9/13 15:2:26, Inactive, 33.30, 24.10, 41
373000, 1568386947, 2019/9/13 15:2:27, Inactive, 33.30, 24.10, 40
373999, 1568386948, 2019/9/13 15:2:28, Inactive, 33.30, 24.10, 41
374999, 1568386949, 2019/9/13 15:2:29, Inactive, 33.30, 24.10, 40
375999, 1568386950, 2019/9/13 15:2:30, Inactive, 33.30, 24.10, 41
376998, 1568386951, 2019/9/13 15:2:31, Inactive, 33.30, 24.10, 40
377999, 1568386952, 2019/9/13 15:2:32, Inactive, 33.30, 24.10, 41
378998, 1568386953, 2019/9/13 15:2:33, Inactive, 33.30, 24.10, 41
380000, 1568386954, 2019/9/13 15:2:34, Inactive, 33.40, 24.10, 41
380999, 1568386955, 2019/9/13 15:2:35, Inactive, 33.40, 24.10, 40
382000, 1568386956, 2019/9/13 15:2:36, Inactive, 33.40, 24.10, 40
382999, 1568386957, 2019/9/13 15:2:37, Inactive, 33.40, 24.10, 41
384000, 1568386958, 2019/9/13 15:2:38, Inactive, 33.40, 24.10, 41
384998, 1568386959, 2019/9/13 15:2:39, Inactive, 33.40, 24.10, 41
385998, 1568386960, 2019/9/13 15:2:40, Inactive, 33.40, 24.10, 41
387000, 1568386961, 2019/9/13 15:2:41, Inactive, 33.40, 24.10, 40
387999, 1568386962, 2019/9/13 15:2:42, Inactive, 33.40, 24.10, 41
389000, 1568386963, 2019/9/13 15:2:43, Inactive, 33.40, 24.10, 40
389999, 1568386964, 2019/9/13 15:2:44, Inactive, 33.40, 24.10, 41
391000, 1568386965, 2019/9/13 15:2:45, Inactive, 33.40, 24.10, 40
391999, 1568386966, 2019/9/13 15:2:46, Inactive, 33.40, 24.10, 41
392998, 1568386967, 2019/9/13 15:2:47, Inactive, 33.40, 24.10, 41
393999, 1568386968, 2019/9/13 15:2:48, Inactive, 33.40, 24.10, 41
394999, 1568386969, 2019/9/13 15:2:49, Inactive, 33.40, 24.10, 38
395999, 1568386970, 2019/9/13 15:2:50, Inactive, 33.40, 24.10, 39
396999, 1568386971, 2019/9/13 15:2:51, Inactive, 33.40, 24.10, 39
397999, 1568386972, 2019/9/13 15:2:52, Inactive, 33.40, 24.10, 39
398999, 1568386973, 2019/9/13 15:2:53, Inactive, 33.40, 24.10, 39
400000, 1568386974, 2019/9/13 15:2:54, Inactive, 33.40, 24.10, 39
400999, 1568386975, 2019/9/13 15:2:55, Inactive, 33.40, 24.10, 39
401999, 1568386976, 2019/9/13 15:2:56, Inactive, 33.40, 24.10, 39
403000, 1568386977, 2019/9/13 15:2:57, Inactive, 33.50, 24.10, 39
403999, 1568386978, 2019/9/13 15:2:58, Inactive, 33.50, 24.10, 39
404999, 1568386979, 2019/9/13 15:2:59, Inactive, 33.40, 24.10, 39
405998, 1568386980, 2019/9/13 15:3:0, Inactive, 33.40, 24.10, 39
406999, 1568386981, 2019/9/13 15:3:1, Inactive, 33.40, 24.10, 39
407999, 1568386982, 2019/9/13 15:3:2, Inactive, 33.50, 24.10, 39
408999, 1568386983, 2019/9/13 15:3:3, Inactive, 33.50, 24.10, 39
409998, 1568386984, 2019/9/13 15:3:4, Inactive, 33.50, 24.10, 39
410999, 1568386985, 2019/9/13 15:3:5, Inactive, 33.50, 24.10, 39
412000, 1568386986, 2019/9/13 15:3:6, Inactive, 33.50, 24.10, 39
412999, 1568386987, 2019/9/13 15:3:7, Inactive, 33.60, 24.10, 39
414000, 1568386988, 2019/9/13 15:3:8, Inactive, 33.60, 24.10, 39
414999, 1568386989, 2019/9/13 15:3:9, Inactive, 33.70, 24.10, 39
415998, 1568386990, 2019/9/13 15:3:10, Inactive, 33.70, 24.10, 39
416999, 1568386991, 2019/9/13 15:3:11, Inactive, 33.70, 24.10, 39
417998, 1568386992, 2019/9/13 15:3:12, Inactive, 33.70, 24.10, 39
419000, 1568386993, 2019/9/13 15:3:13, Inactive, 33.70, 24.10, 39
419999, 1568386994, 2019/9/13 15:3:14, Inactive, 33.70, 24.10, 39
421000, 1568386995, 2019/9/13 15:3:15, Inactive, 33.70, 24.10, 39
421999, 1568386996, 2019/9/13 15:3:16, Inactive, 33.70, 24.10, 39
422999, 1568386997, 2019/9/13 15:3:17, Inactive, 33.70, 24.10, 39
423999, 1568386998, 2019/9/13 15:3:18, Inactive, 33.70, 24.10, 39
424999, 1568386999, 2019/9/13 15:3:19, Inactive, 33.70, 24.10, 38
426000, 1568387000, 2019/9/13 15:3:20, Active, 33.70, 24.10, 34
426998, 1568387001, 2019/9/13 15:3:21, Active, 33.80, 24.10, 35
427999, 1568387002, 2019/9/13 15:3:22, Active, 33.80, 24.10, 34
428999, 1568387003, 2019/9/13 15:3:23, Active, 33.80, 24.10, 35
429999, 1568387004, 2019/9/13 15:3:24, Inactive, 33.80, 24.10, 35
430998, 1568387005, 2019/9/13 15:3:25, Inactive, 33.80, 24.10, 35
432000, 1568387006, 2019/9/13 15:3:26, Inactive, 33.80, 24.10, 35
432999, 1568387007, 2019/9/13 15:3:27, Inactive, 33.80, 24.10, 35
433999, 1568387008, 2019/9/13 15:3:28, Inactive, 33.70, 24.10, 36
434999, 1568387009, 2019/9/13 15:3:29, Inactive, 33.70, 24.10, 34
435999, 1568387010, 2019/9/13 15:3:30, Inactive, 33.70, 24.10, 37
